Action,Adventure,Animation,Children's,Comedy,Crime,Documentary,Drama,Fantasy,Film-Noir,Horror,Musical,Mystery,Romance,Sci-Fi,Thriller,War,Western
3.6278448240065786,3.604035039657628,3.7048618413843863,3.532973729047614,3.6472613378571808,3.7742956063259068,3.874624869522723,3.8490659292542646,3.5890117490471094,4.022425710872011,3.3361100175688727,3.685753030591194,3.7534270993302488,3.7048103781956105,3.560468409486421,3.714304502393706,3.960643706031518,3.6657442639506024
