Action,Adventure,Animation,Children,Comedy,Crime,Documentary,Drama,Fantasy,Film-Noir,Horror,IMAX,Musical,Mystery,Romance,Sci-Fi,Thriller,War,Western
3.5287782667931307,3.572728019961016,3.6223959456318813,3.5021796845558213,3.548565388290978,3.769986912480438,3.8164584216851805,3.768395690530859,3.600612401444066,3.9116922343806215,3.4458616884901407,3.7758519009090614,3.5748834896426334,3.758867592170997,3.648986054639023,3.522721177058883,3.6344195705239963,3.9099919506096654,3.6070236766151424
