user_id,Action,Adventure,Animation,Children,Comedy,Crime,Documentary,Drama,Fantasy,Film-Noir,Horror,IMAX,Musical,Mystery,Romance,Sci-Fi,Thriller,War,Western
1,1.40571428571,1.58,0.208571428571,0.391428571429,0.874285714286,0.457142857143,0.0,0.925714285714,1.49428571429,0.0,0.962857142857,0.0485714285714,0.0628571428571,0.371428571429,0.248571428571,0.848571428571,0.902857142857,0.188571428571,0.0771428571429
